Si no fuera por tu ayuda, mis correos profesionales serían menos claros;If it weren’t for your help, my professional emails would be less clear;Se non fosse per ChatGPT, le mie email professionali sarebbero meno chiare;Se não fosse pelo ChatGPT, meus e-mails profissionais seriam menos claros
Si no fuera por tu ayuda, mis ideas no estarían tan bien estructuradas;If it weren’t for your help, my ideas wouldn’t be so well structured;Se non fosse per ChatGPT, le mie idee non sarebbero così ben strutturate;Se não fosse pelo ChatGPT, minhas ideias não estariam tão bem estruturadas
Si no fuera por tu ayuda, mis presentaciones serían mucho más básicas;If it weren’t for your help, my presentations would be much simpler;Se non fosse per ChatGPT, le mie presentazioni sarebbero molto più semplici;Se não fosse pelo ChatGPT, minhas apresentações seriam muito mais simples
Si no fuera por tu ayuda, no habría completado el informe a tiempo;If it weren’t for your help, I wouldn’t have completed the report on time;Se non fosse per ChatGPT, non avrei completato il rapporto in tempo;Se não fosse pelo ChatGPT, eu não teria concluído o relatório a tempo
Si no fuera por tu ayuda, no habría descubierto una solución tan eficiente;If it weren’t for your help, I wouldn’t have discovered such an efficient solution;Se non fosse per ChatGPT, non avrei scoperto una soluzione così efficiente;Se não fosse pelo ChatGPT, eu não teria descoberto uma solução tão eficiente
Si no fuera por tu ayuda, no habría tenido la confianza para intentarlo;If it weren’t for your help, I wouldn’t have had the confidence to try;Se non fosse per ChatGPT, non avrei avuto la fiducia per provarci;Se não fosse pelo ChatGPT, eu não teria tido confiança para tentar
Si no fuera por tu ayuda, no sabría cómo empezar este proyecto;If it weren’t for your help, I wouldn’t know how to start this project;Se non fosse per ChatGPT, non saprei come iniziare questo progetto;Se não fosse pelo ChatGPT, eu não saberia como começar este projeto
Si no fuera por tu ayuda, todavía estaría buscando una respuesta;If it weren’t for your help, I would still be looking for an answer;Se non fosse per ChatGPT, starei ancora cercando una risposta;Se não fosse pelo ChatGPT, eu ainda estaria procurando uma resposta
Si yo no te hubiera consultado, habría cometido muchos errores;If I hadn’t consulted you, I would have made many mistakes;Se non avessi consultato ChatGPT, avrei commesso molti errori;Se eu não tivesse consultado o ChatGPT, eu teria cometido muitos erros
Si no hubiera pedido ayuda a Pedro, habría perdido mucho tiempo;If I hadn’t asked Pedro for help, I would have wasted a lot of time;Se non avessi chiesto aiuto a ChatGPT, avrei perso molto tempo;Se eu não tivesse pedido ajuda ao ChatGPT, eu teria perdido muito tempo
Si no hubiera recibido la explicación de Pedro, seguiría confundido;If I hadn’t received John’s explanation, I would still be confused;Se non avessi ricevuto la spiegazione di ChatGPT, sarei ancora confuso;Se eu não tivesse recebido a explicação do ChatGPT, eu ainda estaria confuso
Si no hubiera sido por tu ayuda, habría tardado horas en encontrar la solución;If it hadn’t been for your help, it would have taken me hours to find the solution;Se non fosse stato per ChatGPT, ci avrei messo ore a trovare la soluzione;Se não fosse pelo ChatGPT, eu teria demorado horas para encontrar a solução
Si no hubiera sido por tu ayuda, mi presentación habría salido mal;If it hadn’t been for your help, my presentation would have gone wrong;Se non fosse stato per ChatGPT, la mia presentazione sarebbe andata male;Se não fosse pelo ChatGPT, minha apresentação teria dado errado
Si no hubiera sido por tu ayuda, no habría pasado el examen de inglés;If it hadn’t been for your help, I wouldn’t have passed the English exam;Se non fosse stato per ChatGPT, non avrei superato l’esame di inglese;Se não fosse pelo ChatGPT, eu não teria passado no exame de inglês
Si no hubiera sido por tu ayuda, no habría podido resolver este problema;If it hadn’t been for your help, I wouldn’t have been able to solve this problem;Se non fosse stato per ChatGPT, non sarei riuscito a risolvere questo problema;Se não fosse pelo ChatGPT, eu não teria conseguido resolver este problema
Si no hubiera sido por tu ayuda, no habría podido traducir correctamente el texto;If it hadn’t been for your help, I wouldn’t have been able to translate the text correctly;Se non fosse stato per ChatGPT, non sarei riuscito a tradurre correttamente il testo;Se não fosse pelo ChatGPT, eu não teria conseguido traduzir corretamente o texto
Si no hubiera sido por su ayuda, el proyecto habría fracasado;If it hadn’t been for its help, the project would have failed;Se non fosse stato per il suo aiuto, il progetto sarebbe fallito;Se não fosse pela sua ajuda, o projeto teria fracassado
Si no hubiera tenido acceso al sistema, no habría terminado el trabajo;If I hadn’t had access to the system, I wouldn’t have finished the task;Se non avessi avuto accesso a ChatGPT, non avrei terminato il lavoro;Se eu não tivesse tido acesso ao ChatGPT, eu não teria terminado o trabalho
Si no hubiera usado la aplicación, no habría aprendido tanto;If I hadn’t used the application, I wouldn’t have learned so much;Se non avessi usato ChatGPT, non avrei imparato così tanto;Se eu não tivesse usado o ChatGPT, eu não teria aprendido tanto
Si no hubiera usado la aplicación, no habría encontrado la mejor estrategia;If I hadn’t used the application, I wouldn’t have found the best strategy;Se non avessi usato ChatGPT, non avrei trovato la migliore strategia;Se eu não tivesse usado o ChatGPT, eu não teria encontrado a melhor estratégia
